[1,["826d0508-d2fa-4ba7-8e27-7d3c1e100f96","3e39f3f4-f553-4676-8c4c-2a26d32aa7d5@f9941","2cec5a26-8e94-4102-bba0-fab1130330a0@6c48a","e79fcae3-6291-4c47-b5c2-c65c7ad7ea83@f9941","d5bb3632-e7b8-491c-9d78-f84981d067ae","a62be093-09d6-4163-ab44-c291581ce8af","7ed98a00-2a34-4c74-83e2-9fc5a2f350d0","1af2c4cd-5386-465a-880f-70a690629667@f9941","014b51ef-d2b2-4b6e-b17a-45f00087c854@f9941","7c5f8455-dd53-49d0-8452-bdd8dbda2e6b","2cec5a26-8e94-4102-bba0-fab1130330a0@f9941","e79fcae3-6291-4c47-b5c2-c65c7ad7ea83@6c48a"],["node","_font","_userDefinedFont","_spriteFrame","_textureSource","target","_clip","_cameraComponent","_target","spawnParent","scene","_parent","objectPrefab","_normalSprite","_hoverSprite","_pressedSprite","_disabledSprite","root","data"],[["cc.Node",["_name","_layer","_id","_objFlags","_components","_lpos","_parent","_children","_lscale","_prefab"],-1,9,5,1,2,5,4],["cc.UITransform",["node","_contentSize","__prefab"],3,1,5,4],["cc.RichText",["_string","_horizontalAlign","_fontSize","_isSystemFontUsed","_verticalAlign","node","_font","_userDefinedFont","_fontColor"],-2,1,6,6,5],"cc.SpriteFrame",["cc.Sprite",["_sizeMode","_type","node","_spriteFrame","__prefab"],1,1,6,4],["cc.AudioSource",["_playOnAwake","_loop","node","_clip"],1,1,6],["cc.AudioClip",["_name","_native","_duration"],0],["cc.TTFFont",["_name","_native"],1],["cc.SceneAsset",["_name"],2],["cc.Node",["_name","_parent","_components","_lpos"],2,1,2,5],["cc.Canvas",["node","_cameraComponent"],3,1,1],["cc.Widget",["_alignFlags","_top","_bottom","node"],0,1],["cc.Button",["_transition","node","clickEvents","_normalColor","_target","_normalSprite","_hoverSprite","_pressedSprite","_disabledSprite"],2,1,9,5,1,6,6,6,6],["cc.ClickEvent",["_componentId","handler","target"],1,1],["cc.Scene",["_name","_children","_prefab","_globals"],2,2,4,4],["cc.PrefabInfo",["root","asset","fileId","instance","targetOverrides","nestedPrefabInstanceRoots"],-3],["cc.PrefabInfo",["fileId","instance","targetOverrides","nestedPrefabInstanceRoots","root","asset"],-1,1,1],["cc.SceneGlobals",["ambient","shadows","_skybox","fog","octree","skin","lightProbeInfo","postSettings"],3,4,4,4,4,4,4,4,4],["cc.AmbientInfo",["_skyColorHDR","_groundAlbedoHDR"],3,5,5],["cc.ShadowsInfo",["_shadowColor","_size"],3,5,5],["cc.SkyboxInfo",[],3],["cc.FogInfo",[],3],["cc.OctreeInfo",[],3],["cc.SkinInfo",["_enabled"],2],["cc.LightProbeInfo",[],3],["cc.PostSettingsInfo",[],3],["3c38dtzT/NLgqdKHb0RD5b3",["node"],3,1],["cc.Camera",["_projection","_orthoHeight","_near","_far","_visibility","_color"],-2,5],["91762eE2UBNR72WH5z2kydu",["node","spawnParent","mainCamera","objectPrefab"],3,1,1,1,6],["cc.Label",["_string","_actualFontSize","_fontSize","_fontFamily","_overflow","_enableWrapText","_isSystemFontUsed","node","_color","_font"],-4,1,5,6],["cc.Prefab",["_name"],2],["cc.CompPrefabInfo",["fileId"],2]],[[1,0,1,1],[0,0,1,6,4,5,8,3],[1,0,1],[2,0,1,2,3,5,8,6,7,5],[6,0,1,2,4],[7,0,1,3],[0,0,1,2,6,4,5,4],[0,0,3,1,6,4,5,8,4],[4,1,0,2,3,3],[13,0,1,2,3],[31,0,2],[8,0,2],[0,0,1,2,7,4,5,4],[0,0,1,6,7,4,5,3],[0,0,1,6,7,4,5,8,3],[0,0,3,1,2,6,4,5,5],[0,0,1,6,4,5,3],[0,0,6,4,5,2],[0,0,3,1,6,4,4],[0,0,1,4,9,5,3],[9,0,1,2,3,2],[1,0,2,1,1],[10,0,1,1],[11,0,1,2,3,4],[4,0,2,4,3,2],[12,0,1,2,3,4,5,6,7,8,2],[14,0,1,2,3,2],[15,0,1,2,3,4,5,7],[16,0,1,2,3,4,5,5],[17,0,1,2,3,4,5,6,7,1],[18,0,1,1],[19,0,1,1],[20,1],[21,1],[22,1],[23,0,2],[24,1],[25,1],[26,0,1],[27,0,1,2,3,4,5,6],[28,0,1,2,3,1],[29,0,1,2,3,4,5,6,7,8,9,8],[5,0,2,3,2],[5,1,2,3,2],[2,0,1,2,3,5,6,7,5],[2,0,1,4,2,3,5,8,6,7,6],[30,0,2]],[[[{"name":"assetbottle","rect":{"x":154,"y":17,"width":204,"height":486},"offset":{"x":0,"y":-4},"originalSize":{"width":512,"height":512},"rotated":false,"capInsets":[0,0,0,0],"vertices":{"rawPosition":[-102,-243,0,102,-243,0,-102,243,0,102,243,0],"indexes":[0,1,2,2,1,3],"uv":[154,495,358,495,154,9,358,9],"nuv":[0.30078125,0.017578125,0.69921875,0.017578125,0.30078125,0.966796875,0.69921875,0.966796875],"minPos":{"x":-102,"y":-243,"z":0},"maxPos":{"x":102,"y":243,"z":0}},"packable":true,"pixelsToUnit":100,"pivot":{"x":0.5,"y":0.5},"meshType":0}],[3],0,[0],[4],[2]],[[[4,"Trumpet Serenade (1)",".mp3",100.752],-1],0,0,[],[],[]],[[[4,"mixkit-select-click-1109",".wav",1.10449],-1],0,0,[],[],[]],[[[5,"Gluten-ExtraBold","Gluten-ExtraBold.ttf"],-1],0,0,[],[],[]],[[[5,"Gluten-Bold","Gluten-Bold.ttf"],-1],0,0,[],[],[]],[[[11,"mainmenu"],[12,"Canvas",33554432,"beI88Z2HpFELqR4T5EMHpg",[-5,-6,-7,-8,-9],[[0,-1,[5,720,1280]],[22,-3,-2],[23,45,5.684341886080802e-14,5.684341886080802e-14,-4]],[1,360,640,0]],[13,"Title",33554432,1,[-11,-12,-13,-14,-15],[[2,-10]],[1,5.382,30.497,0]],[14,"Start",33554432,1,[-22],[[0,-16,[5,100,40]],[8,1,0,-17,3],[25,2,-21,[[9,"3c38dtzT/NLgqdKHb0RD5b3","gotoGame",-19],[9,"cc.AudioSource","play",-20]],[4,4292269782],-18,5,6,7,8]],[1,5.93,-386.471,0],[1,3.948,4.236,4.113]],[26,"mainmenu",[1,-23,-24,-25],[27,null,null,"9a2aa0af-31bf-4620-9f7e-28ef2c93533f",null,null,null],[29,[30,[2,0,0,0,0.520833125],[2,0,0,0,0]],[31,[4,4283190348],[0,512,512]],[32],[33],[34],[35,false],[36],[37]]],[15,"GameManager",512,33554432,"4e78Kxm75KP7gbqksq9D4O",4,[[2,-26],[38,-27]],[1,706.729,0,0]],[39,0,640,0,2000,1108344832,[4,4278190080]],[16,"Background",33554432,1,[[0,-28,[5,2548.5740000000005,2611.139]],[8,2,0,-29,0]],[1,13.491000000000014,-65.80350000000001,0]],[17,"Spawner",1,[[40,-31,-30,6,1]],[1,-4.803,682.123,0]],[18,"Label",512,33554432,3,[[0,-32,[5,100,40]],[41,"Start",20,20,"",1,false,false,-33,[4,4278453258],2]]],[6,"cLICK",33554432,"a7UrZTvbRFG6hVqXZURmQh",4,[[42,false,-34,4]],[1,365.382,670.497,0]],[1,"Title-003",33554432,2,[[0,-35,[5,300.5499267578125,50.4]],[3,"the Bottle",1,50,false,-36,[4,4282729849],9,10]],[1,24.97399999999999,239.21800000000007,0],[1,1.718,3.03,1.993]],[1,"Title-001",33554432,2,[[0,-37,[5,300.5499267578125,50.4]],[44,"the Bottle",1,50,false,-38,11,12]],[1,24.97399999999999,254.27100000000007,0],[1,1.718,3.03,1.993]],[7,"Title-002",512,33554432,2,[[0,-39,[5,93.38856506347656,50.4]],[3,"Flip",1,42.2,false,-40,[4,4279045439],13,14]],[1,14.584000000000003,358.5090000000001,0],[1,2.909,5.131,3.376]],[7,"Title",512,33554432,2,[[0,-41,[5,93.38856506347656,50.4]],[3,"Flip",1,42.2,false,-42,[4,4283322111],15,16]],[1,-5.382000000000005,378.17500000000007,0],[1,2.909,5.131,3.376]],[1,"Title-004",33554432,2,[[0,-43,[5,702.6178588867188,90.39999999999999]],[45,"Tap when the Indicator starts blinking. \nBe sure to mind your Timing!",1,1,30.2,false,-44,[4,4278190335],17,18]],[1,-5.382000000000005,-66.31499999999994,0],[1,0.921,1.624,1.068]],[6,"AudioManger",33554432,"85EX4+HVdDh70ywgtjttYh",4,[[2,-45],[43,true,-46,19]],[1,365.382,670.497,0]],[20,"Camera",1,[6],[1,0,0,1000]]],0,[0,0,1,0,7,6,0,0,1,0,0,1,0,-1,17,0,-2,7,0,-3,8,0,-4,3,0,-5,2,0,0,2,0,-1,11,0,-2,12,0,-3,13,0,-4,14,0,-5,15,0,0,3,0,0,3,0,8,3,0,5,5,0,5,10,0,0,3,0,-1,9,0,-2,5,0,-3,10,0,-4,16,0,0,5,0,0,5,0,0,7,0,0,7,0,9,8,0,0,8,0,0,9,0,0,9,0,0,10,0,0,11,0,0,11,0,0,12,0,0,12,0,0,13,0,0,13,0,0,14,0,0,14,0,0,15,0,0,15,0,0,16,0,0,16,0,10,4,1,11,4,6,0,17,46],[0,0,0,0,0,0,0,0,0,0,0,0,0,0,0,0,0,0,0,0],[3,12,1,3,6,13,14,15,16,1,2,1,2,1,2,1,2,1,2,6],[3,4,5,1,6,1,7,8,1,0,0,0,0,0,0,0,0,0,0,9]],[[[46,"assetbottle"],[19,"assetbottle",33554432,[[21,-2,[10,"0eX1/w6GxJvbiQW/kVP3D9"],[5,85.278,162.118]],[24,0,-3,[10,"46uFizMPtIUpF5DvdgVOna"],0]],[28,"89qYrDJhVGsq8eaPEJgb4J",null,null,null,-1,0],[1,-258.345,742.357,0]]],0,[0,17,1,0,0,1,0,0,1,0,18,1,3],[0],[3],[10]],[[{"name":"Background","rect":{"x":0,"y":0,"width":720,"height":1280},"offset":{"x":0,"y":0},"originalSize":{"width":720,"height":1280},"rotated":false,"capInsets":[0,0,0,0],"vertices":{"rawPosition":[-360,-640,0,360,-640,0,-360,640,0,360,640,0],"indexes":[0,1,2,2,1,3],"uv":[0,1280,720,1280,0,0,720,0],"nuv":[0,0,1,0,0,1,1,1],"minPos":{"x":-360,"y":-640,"z":0},"maxPos":{"x":360,"y":640,"z":0}},"packable":true,"pixelsToUnit":100,"pivot":{"x":0.5,"y":0.5},"meshType":0}],[3],0,[0],[4],[11]]]]
