[1,["f1fa34f1-71c4-4920-8bd7-4394d61e0e49@f9941","3e39f3f4-f553-4676-8c4c-2a26d32aa7d5@f9941","322cb24b-820e-46be-a0e6-d4ce555f0d25@f9941","ca749325-5977-4ae7-8dd9-c180f93dd316@f9941","1af2c4cd-5386-465a-880f-70a690629667@f9941","014b51ef-d2b2-4b6e-b17a-45f00087c854@f9941","014b51ef-d2b2-4b6e-b17a-45f00087c854@6c48a","1af2c4cd-5386-465a-880f-70a690629667@6c48a","322cb24b-820e-46be-a0e6-d4ce555f0d25@6c48a","3e39f3f4-f553-4676-8c4c-2a26d32aa7d5@6c48a","59164214-0ad8-489c-a570-d5636e99d0b8@6c48a","59164214-0ad8-489c-a570-d5636e99d0b8@f9941","993248b2-9695-4200-a453-06998fa7309a@f9941","fb384181-92ca-4de2-b6d5-926b99557dad@f9941","af567799-6c23-4a19-87d6-6f0d235ba8be@f9941","951249e0-9f16-456d-8b85-a6ca954da16b@f9941","d205f545-fc61-40f3-a9f1-d59b3d92b231@f9941","3a4e49c8-4442-44f3-9b9c-594549c44d90","1476c1d1-e77e-4293-9672-4733fce67991","62ba2555-8a85-428d-8402-62ab338352af","73a103ac-ed72-4f27-afc6-0e968e81aaad","951249e0-9f16-456d-8b85-a6ca954da16b@6c48a","993248b2-9695-4200-a453-06998fa7309a@6c48a","af567799-6c23-4a19-87d6-6f0d235ba8be@6c48a","ca749325-5977-4ae7-8dd9-c180f93dd316@6c48a","d205f545-fc61-40f3-a9f1-d59b3d92b231@6c48a","f1fa34f1-71c4-4920-8bd7-4394d61e0e49@6c48a","fb384181-92ca-4de2-b6d5-926b99557dad@6c48a"],["node","_spriteFrame","_textureSource","_target","_parent","_clip","_normalSprite","_hoverSprite","_pressedSprite","_disabledSprite","_cameraComponent","touchArea","sliderHandle","collisionObject","triggerButton","slider","specialLandSFX","bottleLandSFX","gameOverSFX","musicSource","finalScoreLabel","scoreLabel","camera","scene"],[["cc.Node",["_name","_layer","_objFlags","_active","_mobility","_id","_components","_parent","_lpos","_lscale","_children"],-3,9,1,5,5,2],"cc.SpriteFrame",["cc.Node",["_name","_layer","_objFlags","_components","_lpos","_parent","_lscale","_children"],0,12,5,1,5,2],["cc.BoxCollider2D",["tag","_restitution","_density","node","_size","_offset"],0,1,5,5],["cc.Sprite",["_sizeMode","_type","node","_color","_spriteFrame"],1,1,5,6],["cc.Button",["_transition","_interactable","node","_normalColor","_target","clickEvents","_normalSprite","_hoverSprite","_pressedSprite","_disabledSprite","_pressedColor","_disabledColor"],1,1,5,1,9,6,6,6,6,5,5],["cc.Label",["_string","_actualFontSize","_fontSize","_overflow","_enableWrapText","node","_color"],-2,1,5],["cc.UITransform",["node","_contentSize"],3,1,5],["cc.RigidBody2D",["enabledContactListener","_gravityScale","_type","node"],0,1],["984a7N/eVpDsJTm+Lla4RUr",["node","bottleNode"],3,1,1],["cc.RichText",["_string","_fontSize","node","_fontColor"],1,1,5],["cc.AudioSource",["_loop","_playOnAwake","node"],1,1],["cc.AudioClip",["_name","_native","_duration"],0],["cc.SceneAsset",["_name"],2],["cc.Canvas",["node","_cameraComponent"],3,1,1],["cc.Widget",["_alignFlags","_top","_bottom","_alignMode","node"],-1,1],["d82d1tClE5KbLTq3kwKbUyt",["forceMultiplier","spinMultiplier","node"],1,1],["51b63MAG1dIt51ICxjX3Z+T",["node","slider","triggerButton","playerNode","collisionObject","sliderHandle","touchArea"],3,1,1,1,1,1,1,1],["85a20TrfyxHfoHSgvFqGBai",["node","musicSource","gameOverSFX","bottleLandSFX","specialLandSFX"],3,1,1,1,1,1],["3c38dtzT/NLgqdKHb0RD5b3",["node","gameOverPanel"],3,1,1],["cc.ClickEvent",["_componentId","handler","target"],1,1],["5d8e0CGZDlIZKUPFToQhBHx",["node","scoreLabel","finalScoreLabel"],3,1,1,1],["6b584QrwAtJ3Il21hvgzOTb",["_enabled","node","target","offset"],2,1,1,5],["9bc0cCFnyNLGat4UBzToKpj",["node","camera"],3,1,1],["cc.Camera",["_projection","_orthoHeight","_near","_far","_visibility","node","_color"],-2,1,5],["cc.Scene",["_name","_children","_globals"],2,2,4],["cc.SceneGlobals",["ambient","shadows","_skybox","fog","octree","skin","lightProbeInfo","postSettings"],3,4,4,4,4,4,4,4,4],["cc.AmbientInfo",["_skyColorHDR","_groundAlbedoHDR"],3,5,5],["cc.ShadowsInfo",["_shadowColor","_size"],3,5,5],["cc.SkyboxInfo",[],3],["cc.FogInfo",[],3],["cc.OctreeInfo",[],3],["cc.SkinInfo",["_enabled"],2],["cc.LightProbeInfo",[],3],["cc.PostSettingsInfo",[],3],["cc.Slider",["_progress","node","_handle"],2,1,1]],[[7,0,1,1],[7,0,1],[0,0,1,7,6,8,3],[4,0,2,4,2],[2,0,1,5,3,3],[12,0,1,2,4],[0,0,3,1,7,6,8,4],[4,1,0,2,4,3],[5,0,2,5,3,4,6,7,8,9,2],[20,0,1,2,3],[11,1,2,2],[0,0,1,7,10,6,3],[0,0,2,1,7,10,6,8,4],[0,0,2,1,7,6,9,4],[2,0,1,5,3,4,3],[8,0,2,3,3],[3,0,2,3,5,4,3],[3,3,4,1],[3,3,5,4,1],[4,0,2,3,4,2],[6,0,1,2,3,4,5,6,6],[13,0,2],[0,0,1,10,6,9,3],[0,0,4,1,5,10,6,8,5],[0,0,1,7,10,6,8,9,3],[0,0,2,3,1,7,10,6,8,5],[0,0,1,10,6,8,9,3],[0,0,1,7,6,8,9,3],[0,0,3,1,7,6,8,9,4],[0,0,2,1,7,6,8,4],[0,0,2,1,7,6,8,9,4],[0,0,1,7,6,9,3],[0,0,1,7,6,3],[2,0,1,7,3,4,6,3],[2,0,5,3,4,2],[2,0,2,1,5,3,4,6,4],[14,0,1,1],[15,0,1,2,3,4,5],[16,0,1,2,3],[8,0,1,3,3],[3,0,1,3,5,4,3],[3,0,3,5,4,2],[4,1,0,2,3,3],[4,0,2,3,2],[17,0,1,2,3,4,5,6,1],[18,0,1,2,3,4,1],[9,0,1,1],[9,0,1],[19,0,1,1],[5,1,2,3,10,11,4,2],[5,2,1],[10,0,1,2,3,3],[10,0,1,2,3],[21,0,1,2,1],[22,0,1,2,3,2],[23,0,1,1],[24,0,1,2,3,4,5,6,6],[6,0,1,2,5,4],[6,0,1,2,5,6,4],[25,0,1,2,2],[26,0,1,2,3,4,5,6,7,1],[27,0,1,1],[28,0,1,1],[29,1],[30,1],[31,1],[32,0,2],[33,1],[34,1],[35,0,1,2,2],[11,0,2,2]],[[[{"name":"CGB02-blue_S_btn","rect":{"x":0,"y":0,"width":128,"height":140},"offset":{"x":0,"y":0},"originalSize":{"width":128,"height":140},"rotated":false,"capInsets":[0,0,0,0],"vertices":{"rawPosition":[-64,-70,0,64,-70,0,-64,70,0,64,70,0],"indexes":[0,1,2,2,1,3],"uv":[0,140,128,140,0,0,128,0],"nuv":[0,0,1,0,0,1,1,1],"minPos":{"x":-64,"y":-70,"z":0},"maxPos":{"x":64,"y":70,"z":0}},"packable":true,"pixelsToUnit":100,"pivot":{"x":0.5,"y":0.5},"meshType":0}],[1],0,[0],[2],[6]],[[[5,"trumpet-fail-242645",".mp3",2.304],-1],0,0,[],[],[]],[[{"name":"CGB02-blue_M_btn","rect":{"x":0,"y":0,"width":256,"height":140},"offset":{"x":0,"y":0},"originalSize":{"width":256,"height":140},"rotated":false,"capInsets":[0,0,0,0],"vertices":{"rawPosition":[-128,-70,0,128,-70,0,-128,70,0,128,70,0],"indexes":[0,1,2,2,1,3],"uv":[0,140,256,140,0,0,256,0],"nuv":[0,0,1,0,0,1,1,1],"minPos":{"x":-128,"y":-70,"z":0},"maxPos":{"x":128,"y":70,"z":0}},"packable":true,"pixelsToUnit":100,"pivot":{"x":0.5,"y":0.5},"meshType":0}],[1],0,[0],[2],[7]],[[{"name":"Buttons-house","rect":{"x":0,"y":0,"width":82,"height":87},"offset":{"x":0,"y":0},"originalSize":{"width":82,"height":87},"rotated":false,"capInsets":[0,0,0,0],"vertices":{"rawPosition":[-41,-43.5,0,41,-43.5,0,-41,43.5,0,41,43.5,0],"indexes":[0,1,2,2,1,3],"uv":[0,87,82,87,0,0,82,0],"nuv":[0,0,1,0,0,1,1,1],"minPos":{"x":-41,"y":-43.5,"z":0},"maxPos":{"x":41,"y":43.5,"z":0}},"packable":true,"pixelsToUnit":100,"pivot":{"x":0.5,"y":0.5},"meshType":0}],[1],0,[0],[2],[8]],[[[5,"Bottle Flip Jam",".mp3",57.744],-1],0,0,[],[],[]],[[{"name":"CGB02-blue_L_btn","rect":{"x":0,"y":0,"width":512,"height":140},"offset":{"x":0,"y":0},"originalSize":{"width":512,"height":140},"rotated":false,"capInsets":[0,0,0,0],"vertices":{"rawPosition":[-256,-70,0,256,-70,0,-256,70,0,256,70,0],"indexes":[0,1,2,2,1,3],"uv":[0,140,512,140,0,0,512,0],"nuv":[0,0,1,0,0,1,1,1],"minPos":{"x":-256,"y":-70,"z":0},"maxPos":{"x":256,"y":70,"z":0}},"packable":true,"pixelsToUnit":100,"pivot":{"x":0.5,"y":0.5},"meshType":0}],[1],0,[0],[2],[9]],[[{"name":"base","rect":{"x":0,"y":0,"width":353,"height":73},"offset":{"x":0,"y":0},"originalSize":{"width":353,"height":73},"rotated":false,"capInsets":[0,0,0,0],"vertices":{"rawPosition":[-176.5,-36.5,0,176.5,-36.5,0,-176.5,36.5,0,176.5,36.5,0],"indexes":[0,1,2,2,1,3],"uv":[0,73,353,73,0,0,353,0],"nuv":[0,0,1,0,0,1,1,1],"minPos":{"x":-176.5,"y":-36.5,"z":0},"maxPos":{"x":176.5,"y":36.5,"z":0}},"packable":true,"pixelsToUnit":100,"pivot":{"x":0.5,"y":0.5},"meshType":0}],[1],0,[0],[2],[10]],[[[5,"rizz-sounds",".mp3",1.9331],-1],0,0,[],[],[]],[[[21,"game"],[22,"GameNode",33554432,[-2,-3,-4,-5,-6,-7,-8,-9,-10,-11,-12,-13,-14,-15],[[0,-1,[5,725.01,1276.1039999999998]]],[1,1.325,1.325,1.325]],[23,"Canvas",2,33554432,"beI88Z2HpFELqR4T5EMHpg",[-20,1,-21,-22,-23,-24,-25,-26,-27],[[0,-16,[5,720,1280]],[36,-18,-17],[37,45,5.684341886080802e-14,5.684341886080802e-14,1,-19]],[1,360,640,0]],[24,"Bottle",33554432,1,[-35],[[0,-28,[5,174.46399999999997,324.93399999999997]],[38,50,20,-29],[39,true,8,-30],[40,1,0.1,-31,[0,0.5,34.9],[5,141.8,234.5]],[16,8,9.8,-32,[0,2.2,-140.4],[5,110,46.4]],[41,1,-33,[0,60.3,-120.2],[5,33.3,71.6]],[16,1,10,-34,[0,-58.2,-117.8],[5,37.3,68.5]]],[1,0,-139.3441509433962,0],[1,0.5,0.5,1]],[25,"GameOverMenu",512,false,33554432,2,[-37,-38,-39,-40,-41],[[0,-36,[5,708.545,488.20599999999996]]],[1,1.920000000000016,-66.20600000000002,0]],[33,"Charge",33554432,[-51,-52],[[[0,-42,[5,261.1189817376867,45.58771444382953]],[42,1,0,-43,[4,4280361332]],-44,[44,-50,-49,-48,3,-47,-46,-45]],4,4,1,4],[1,7.373,189.001,0],[1,1.348,1.348,1.348]],[11,"AudioManager",33554432,2,[-59,-60,-61,-62],[[1,-53],[45,-58,-57,-56,-55,-54]]],[2,"Boundary",33554432,1,[[1,-63],[17,-64,[5,1285.1,191.3]],[46,-65,3],[15,true,0,-66]],[1,0,-314.19018867924524,0]],[2,"GameManager",33554432,2,[[1,-67],[48,-68,4]],[1,706.729,0,0]],[12,"Restart",512,33554432,4,[-73],[[0,-69,[5,233.456,108.25]],[7,1,0,-70,11],[8,2,-72,[[9,"3c38dtzT/NLgqdKHb0RD5b3","restartGame",8]],[4,4292269782],-71,12,13,14,15]],[1,-168.551,-99.61500000000001,0]],[12,"Menu",512,33554432,4,[-78],[[0,-74,[5,233.456,108.25]],[7,1,0,-75,16],[8,2,-77,[[9,"3c38dtzT/NLgqdKHb0RD5b3","goToMainMenu",8]],[4,4292269782],-76,17,18,19,20]],[1,168.55100000000004,-99.61500000000001,0]],[14,"Handle",33554432,5,[[[0,-79,[5,21.75539568345323,45.806862202545645]],-80,[49,false,-82,[4,4292269782],[4,4280264528],[4,4292269782],-81]],4,1,4],[1,0,0.42916436081903697,0]],[6,"Boundary-001",false,33554432,1,[[1,-83],[17,-84,[5,1285.1,191.3]],[47,-85],[15,true,0,-86]],[1,0,563.033,0]],[26,"Score",33554432,[-92],[[0,-87,[5,0,50.4]],[51,"0",0,-88,[4,4278190080]],[53,-91,-90,-89]],[1,-247.606,520.984,0],[1,2.638,2.638,2.638]],[2,"Button",33554432,2,[[0,-93,[5,94.371,96.279]],[7,1,0,-94,22],[8,2,-96,[[9,"3c38dtzT/NLgqdKHb0RD5b3","goToMainMenu",8]],[4,4292269782],-95,23,24,25,26]],[1,236.188,532.55,0]],[34,"Camera",2,[[-97,[54,false,-98,3,[1,0,500,0]],[55,-100,-99]],1,4,4],[1,0,0,1000]],[14,"TouchArea",33554432,2,[[[0,-101,[5,566.746,1143.779]],-102],4,1],[1,0,-39.33949999999996,0]],[11,"GameUI",33554432,2,[5,13],[[1,-103]]],[56,0,640,0,2000,1108344832,15,[4,4278190080]],[27,"base",33554432,1,[[0,-104,[5,2691.092,687.339]],[3,0,-105,0]],[1,0,-697.2558490566038,0],[1,0.7547169811320755,0.7547169811320755,0.7547169811320755]],[2,"Background-005",33554432,1,[[0,-106,[5,544.497377358491,970.3669622641502]],[3,0,-107,1]],[1,543.9471698113208,264.6060377358491,0]],[2,"Background-006",33554432,1,[[0,-108,[5,544.497377358491,970.3669622641502]],[3,0,-109,2]],[1,-543.9471698113208,264.6060377358491,0]],[2,"Background-004",33554432,1,[[0,-110,[5,544.497377358491,970.3669622641502]],[3,0,-111,3]],[1,0,264.6060377358491,0]],[2,"Background-001",33554432,1,[[0,-112,[5,544.497377358491,970.3669622641502]],[3,0,-113,4]],[1,543.9471698113208,0,0]],[2,"Background-002",33554432,1,[[0,-114,[5,544.497377358491,970.3669622641502]],[3,0,-115,5]],[1,-543.9471698113208,0,0]],[2,"Background-003",33554432,1,[[0,-116,[5,544.497377358491,970.3669622641502]],[3,0,-117,6]],[1,543.9471698113208,0,0]],[2,"Background",33554432,1,[[0,-118,[5,544.497377358491,970.3669622641502]],[3,0,-119,7]],[1,0.5505660377358268,-2.1649056603773538,0]],[28,"floor",false,33554432,1,[[0,-120,[5,3092.23096942095,1386.0143135979179]],[3,0,-121,8]],[1,3.552713678800501e-15,-487.34867924528305,0],[1,0.232,0.232,0.232]],[6,"Boundary-Bouncy",false,33554432,1,[[1,-122],[18,-123,[0,-418.7,-6.1],[5,130.2,1413.1]]],[1,74.87,0,0]],[6,"Boundary-Bouncy-001",false,33554432,1,[[1,-124],[18,-125,[0,430.7,16.5],[5,130.2,1413.1]]],[1,-84.736,0,0]],[2,"assetbottle",33554432,3,[[0,-126,[5,215.97167924528298,432.1613773584906]],[3,0,-127,9]],[1,-13.563018867924526,1.282264150943396,0]],[29,"Sprite",512,33554432,4,[[0,-128,[5,705.013,550.307]],[19,0,-129,[4,4279236085],10]],[1,0,34.01599999999996,0]],[30,"RichText",512,33554432,4,[[0,-130,[5,325.84716796875,50.4]],[52,"GAME OVER",53.8,-131]],[1,0,44.125,0],[1,1.751,1.751,1.751]],[13,"Label",512,33554432,9,[[0,-132,[5,100,40]],[20,"Restart",20,20,1,false,-133,[4,4278190080]]],[1,1.876,1.876,1.876]],[13,"Label",512,33554432,10,[[0,-134,[5,100,40]],[20,"Main Menu",20,20,1,false,-135,[4,4278190080]]],[1,1.786,1.786,1.786]],[35,"Score-001",512,33554432,4,[[[0,-136,[5,30.36590576171875,50.4]],-137],4,1],[1,-4.945,172.742,0],[1,2.638,2.638,2.638]],[31,"Slider-001",33554432,5,[[0,-138,[5,2462.2216285327177,477.96425777150165]],[19,0,-139,[4,4293326292],21]],[1,0.116,0.116,0.116]],[4,"Score",33554432,13,[[[0,-140,[5,30.36590576171875,50.4]],-141],4,1]],[4,"Node",33554432,6,[[[1,-142],-143],4,1]],[4,"fail",33554432,6,[[[1,-144],-145],4,1]],[4,"Win",33554432,6,[[[1,-146],-147],4,1]],[4,"Clap",33554432,6,[[[1,-148],-149],4,1]],[59,"game",[2],[60,[61,[2,0,0,0,0.520833125],[2,0,0,0,0]],[62,[4,4283190348],[0,512,512]],[63],[64],[65],[66,false],[67],[68]]],[57,"0",54.6,54.6,35],[32,"Events",33554432,2,[[1,-150]]],[50,16],[43,0,11,[4,4282949114]],[69,0.75,5,46],[58,"0",54.6,54.6,37,[4,4278190080]],[70,true,38],[10,false,39],[10,false,40],[10,false,41]],0,[0,0,1,0,-1,19,0,-2,20,0,-3,21,0,-4,22,0,-5,23,0,-6,24,0,-7,25,0,-8,26,0,-9,27,0,-10,3,0,-11,7,0,-12,28,0,-13,29,0,-14,12,0,0,2,0,10,18,0,0,2,0,0,2,0,-1,15,0,-3,8,0,-4,44,0,-5,16,0,-6,17,0,-7,6,0,-8,4,0,-9,14,0,0,3,0,0,3,0,0,3,0,0,3,0,0,3,0,0,3,0,0,3,0,-1,30,0,0,4,0,-1,31,0,-2,32,0,-3,9,0,-4,10,0,-5,35,0,0,5,0,0,5,0,-3,47,0,11,16,0,12,11,0,13,7,0,14,45,0,15,47,0,0,5,0,-1,11,0,-2,36,0,0,6,0,16,52,0,17,51,0,18,50,0,19,49,0,0,6,0,-1,38,0,-2,39,0,-3,40,0,-4,41,0,0,7,0,0,7,0,0,7,0,0,7,0,0,8,0,0,8,0,0,9,0,0,9,0,3,9,0,0,9,0,-1,33,0,0,10,0,0,10,0,3,10,0,0,10,0,-1,34,0,0,11,0,-2,46,0,3,11,0,0,11,0,0,12,0,0,12,0,0,12,0,0,12,0,0,13,0,0,13,0,20,43,0,21,48,0,0,13,0,-1,37,0,0,14,0,0,14,0,3,14,0,0,14,0,-1,18,0,0,15,0,22,18,0,0,15,0,0,16,0,-2,45,0,0,17,0,0,19,0,0,19,0,0,20,0,0,20,0,0,21,0,0,21,0,0,22,0,0,22,0,0,23,0,0,23,0,0,24,0,0,24,0,0,25,0,0,25,0,0,26,0,0,26,0,0,27,0,0,27,0,0,28,0,0,28,0,0,29,0,0,29,0,0,30,0,0,30,0,0,31,0,0,31,0,0,32,0,0,32,0,0,33,0,0,33,0,0,34,0,0,34,0,0,35,0,-2,43,0,0,36,0,0,36,0,0,37,0,-2,48,0,0,38,0,-2,49,0,0,39,0,-2,50,0,0,40,0,-2,51,0,0,41,0,-2,52,0,0,44,0,23,42,1,4,2,2,4,42,5,4,17,13,4,17,150],[0,0,0,0,0,0,0,0,0,0,0,0,0,0,0,0,0,0,0,0,0,0,0,0,0,0,0,46,49,50,51,52],[1,1,1,1,1,1,1,1,1,1,1,1,6,7,8,9,1,6,7,8,9,1,1,6,7,8,9,1,5,5,5,5],[11,0,0,0,0,0,0,0,3,12,3,1,1,4,5,1,1,1,4,5,1,13,2,2,2,14,15,16,17,18,19,20]],[[[5,"claps-44774",".mp3",4.752],-1],0,0,[],[],[]],[[{"name":"default_btn_disabled","rect":{"x":0,"y":0,"width":40,"height":40},"offset":{"x":0,"y":0},"originalSize":{"width":40,"height":40},"rotated":false,"capInsets":[12,12,12,12],"vertices":{"rawPosition":[-20,-20,0,20,-20,0,-20,20,0,20,20,0],"indexes":[0,1,2,2,1,3],"uv":[0,40,40,40,0,0,40,0],"nuv":[0,0,1,0,0,1,1,1],"minPos":{"x":-20,"y":-20,"z":0},"maxPos":{"x":20,"y":20,"z":0}},"packable":true,"pixelsToUnit":100,"pivot":{"x":0.5,"y":0.5},"meshType":0}],[1],0,[0],[2],[21]],[[{"name":"bb","rect":{"x":239,"y":205,"width":488,"height":983},"offset":{"x":-29,"y":71.5},"originalSize":{"width":1024,"height":1536},"rotated":false,"capInsets":[0,0,0,0],"vertices":{"rawPosition":[-244,-491.5,0,244,-491.5,0,-244,491.5,0,244,491.5,0],"indexes":[0,1,2,2,1,3],"uv":[239,1331,727,1331,239,348,727,348],"nuv":[0.2333984375,0.2265625,0.7099609375,0.2265625,0.2333984375,0.8665364583333334,0.7099609375,0.8665364583333334],"minPos":{"x":-244,"y":-491.5,"z":0},"maxPos":{"x":244,"y":491.5,"z":0}},"packable":true,"pixelsToUnit":100,"pivot":{"x":0.5,"y":0.5},"meshType":0}],[1],0,[0],[2],[22]],[[{"name":"Buttons-pressed-house","rect":{"x":0,"y":0,"width":82,"height":87},"offset":{"x":0,"y":0},"originalSize":{"width":82,"height":87},"rotated":false,"capInsets":[0,0,0,0],"vertices":{"rawPosition":[-41,-43.5,0,41,-43.5,0,-41,43.5,0,41,43.5,0],"indexes":[0,1,2,2,1,3],"uv":[0,87,82,87,0,0,82,0],"nuv":[0,0,1,0,0,1,1,1],"minPos":{"x":-41,"y":-43.5,"z":0},"maxPos":{"x":41,"y":43.5,"z":0}},"packable":true,"pixelsToUnit":100,"pivot":{"x":0.5,"y":0.5},"meshType":0}],[1],0,[0],[2],[23]],[[{"name":"floor","rect":{"x":0,"y":0,"width":512,"height":512},"offset":{"x":0,"y":0},"originalSize":{"width":512,"height":512},"rotated":false,"capInsets":[0,0,0,0],"vertices":{"rawPosition":[-256,-256,0,256,-256,0,-256,256,0,256,256,0],"indexes":[0,1,2,2,1,3],"uv":[0,512,512,512,0,0,512,0],"nuv":[0,0,1,0,0,1,1,1],"minPos":{"x":-256,"y":-256,"z":0},"maxPos":{"x":256,"y":256,"z":0}},"packable":true,"pixelsToUnit":100,"pivot":{"x":0.5,"y":0.5},"meshType":0}],[1],0,[0],[2],[24]],[[{"name":"Slider","rect":{"x":194,"y":294,"width":173,"height":546},"offset":{"x":-519.5,"y":33},"originalSize":{"width":1600,"height":1200},"rotated":false,"capInsets":[0,0,0,0],"vertices":{"rawPosition":[-86.5,-273,0,86.5,-273,0,-86.5,273,0,86.5,273,0],"indexes":[0,1,2,2,1,3],"uv":[194,906,367,906,194,360,367,360],"nuv":[0.12125,0.3,0.229375,0.3,0.12125,0.755,0.229375,0.755],"minPos":{"x":-86.5,"y":-273,"z":0},"maxPos":{"x":86.5,"y":273,"z":0}},"packable":true,"pixelsToUnit":100,"pivot":{"x":0.5,"y":0.5},"meshType":0}],[1],0,[0],[2],[25]],[[{"name":"ChatGPT Image Apr 30, 2025, 05_33_33 PM","rect":{"x":0,"y":0,"width":1024,"height":1536},"offset":{"x":0,"y":0},"originalSize":{"width":1024,"height":1536},"rotated":false,"capInsets":[0,0,0,0],"vertices":{"rawPosition":[-512,-768,0,512,-768,0,-512,768,0,512,768,0],"indexes":[0,1,2,2,1,3],"uv":[0,1536,1024,1536,0,0,1024,0],"nuv":[0,0,1,0,0,1,1,1],"minPos":{"x":-512,"y":-768,"z":0},"maxPos":{"x":512,"y":768,"z":0}},"packable":true,"pixelsToUnit":100,"pivot":{"x":0.5,"y":0.5},"meshType":0}],[1],0,[0],[2],[26]],[[{"name":"Slider-001","rect":{"x":0,"y":167,"width":1600,"height":737},"offset":{"x":0,"y":64.5},"originalSize":{"width":1600,"height":1200},"rotated":false,"capInsets":[0,0,0,0],"vertices":{"rawPosition":[-800,-368.5,0,800,-368.5,0,-800,368.5,0,800,368.5,0],"indexes":[0,1,2,2,1,3],"uv":[0,1033,1600,1033,0,296,1600,296],"nuv":[0,0.24666666666666667,1,0.24666666666666667,0,0.8608333333333333,1,0.8608333333333333],"minPos":{"x":-800,"y":-368.5,"z":0},"maxPos":{"x":800,"y":368.5,"z":0}},"packable":true,"pixelsToUnit":100,"pivot":{"x":0.5,"y":0.5},"meshType":0}],[1],0,[0],[2],[27]]]]
